{
    "C0": {
        "precision": 0.8371400198609732,
        "recall": 0.843,
        "f1-score": 0.8400597907324364,
        "support": 1000.0
    },
    "C1": {
        "precision": 0.88671875,
        "recall": 0.908,
        "f1-score": 0.8972332015810277,
        "support": 1000.0
    },
    "C2": {
        "precision": 0.7668449197860963,
        "recall": 0.717,
        "f1-score": 0.7410852713178294,
        "support": 1000.0
    },
    "C3": {
        "precision": 0.760061919504644,
        "recall": 0.491,
        "f1-score": 0.5965978128797084,
        "support": 1000.0
    },
    "C4": {
        "precision": 0.7249334516415262,
        "recall": 0.817,
        "f1-score": 0.768218147625764,
        "support": 1000.0
    },
    "C5": {
        "precision": 0.672428694900605,
        "recall": 0.778,
        "f1-score": 0.7213722763096894,
        "support": 1000.0
    },
    "C6": {
        "precision": 0.7786046511627907,
        "recall": 0.837,
        "f1-score": 0.8067469879518072,
        "support": 1000.0
    },
    "C7": {
        "precision": 0.8718510405257394,
        "recall": 0.796,
        "f1-score": 0.8322007318348145,
        "support": 1000.0
    },
    "C8": {
        "precision": 0.8958543983822043,
        "recall": 0.886,
        "f1-score": 0.8908999497234792,
        "support": 1000.0
    },
    "C9": {
        "precision": 0.8154392191659272,
        "recall": 0.919,
        "f1-score": 0.8641278796426892,
        "support": 1000.0
    },
    "accuracy": 0.7992,
    "macro avg": {
        "precision": 0.8009877064930506,
        "recall": 0.7991999999999999,
        "f1-score": 0.7958542049599245,
        "support": 10000.0
    },
    "weighted avg": {
        "precision": 0.8009877064930506,
        "recall": 0.7992,
        "f1-score": 0.7958542049599245,
        "support": 10000.0
    }
}