{
    "C0": {
        "precision": 0.7802944507361268,
        "recall": 0.689,
        "f1-score": 0.7318109399893786,
        "support": 1000.0
    },
    "C1": {
        "precision": 0.8905882352941177,
        "recall": 0.757,
        "f1-score": 0.8183783783783783,
        "support": 1000.0
    },
    "C2": {
        "precision": 0.5927643784786641,
        "recall": 0.639,
        "f1-score": 0.615014436958614,
        "support": 1000.0
    },
    "C3": {
        "precision": 0.5213319458896982,
        "recall": 0.501,
        "f1-score": 0.5109637939826619,
        "support": 1000.0
    },
    "C4": {
        "precision": 0.7185990338164251,
        "recall": 0.595,
        "f1-score": 0.650984682713348,
        "support": 1000.0
    },
    "C5": {
        "precision": 0.5432497978981407,
        "recall": 0.672,
        "f1-score": 0.6008046490835941,
        "support": 1000.0
    },
    "C6": {
        "precision": 0.742619926199262,
        "recall": 0.805,
        "f1-score": 0.772552783109405,
        "support": 1000.0
    },
    "C7": {
        "precision": 0.7078853046594982,
        "recall": 0.79,
        "f1-score": 0.7466918714555766,
        "support": 1000.0
    },
    "C8": {
        "precision": 0.8216494845360824,
        "recall": 0.797,
        "f1-score": 0.8091370558375635,
        "support": 1000.0
    },
    "C9": {
        "precision": 0.7945619335347432,
        "recall": 0.789,
        "f1-score": 0.7917711991971902,
        "support": 1000.0
    },
    "accuracy": 0.7034,
    "macro avg": {
        "precision": 0.7113544491042758,
        "recall": 0.7034,
        "f1-score": 0.704810979070571,
        "support": 10000.0
    },
    "weighted avg": {
        "precision": 0.7113544491042758,
        "recall": 0.7034,
        "f1-score": 0.7048109790705711,
        "support": 10000.0
    }
}